driver_id,profile_type
driver_0001,student
driver_0002,commuter
driver_0003,commuter
driver_0004,commuter
driver_0005,taxi
driver_0006,taxi
driver_0007,freelancer
driver_0008,commuter
driver_0009,commuter
driver_0010,commuter
driver_0011,commuter
driver_0012,commuter
driver_0013,commuter
driver_0014,commuter
driver_0015,taxi
driver_0016,student
driver_0017,commuter
driver_0018,student
driver_0019,freelancer
driver_0020,commuter
driver_0021,freelancer
driver_0022,taxi
driver_0023,commuter
driver_0024,commuter
driver_0025,event_participant
driver_0026,commuter
driver_0027,commuter
driver_0028,commuter
driver_0029,freelancer
driver_0030,student
driver_0031,freelancer
driver_0032,taxi
driver_0033,student
driver_0034,event_participant
driver_0035,commuter
driver_0036,student
driver_0037,freelancer
driver_0038,student
driver_0039,freelancer
driver_0040,student
driver_0041,taxi
driver_0042,commuter
driver_0043,commuter
driver_0044,commuter
driver_0045,commuter
driver_0046,commuter
driver_0047,commuter
driver_0048,commuter
driver_0049,student
driver_0050,commuter
driver_0051,commuter
driver_0052,commuter
driver_0053,commuter
driver_0054,event_participant
driver_0055,taxi
driver_0056,student
driver_0057,commuter
driver_0058,taxi
driver_0059,commuter
driver_0060,commuter
driver_0061,event_participant
driver_0062,student
driver_0063,student
driver_0064,taxi
driver_0065,freelancer
driver_0066,freelancer
driver_0067,commuter
driver_0068,commuter
driver_0069,commuter
driver_0070,commuter
driver_0071,commuter
driver_0072,event_participant
driver_0073,freelancer
driver_0074,commuter
driver_0075,taxi
driver_0076,commuter
driver_0077,event_participant
driver_0078,commuter
driver_0079,commuter
driver_0080,commuter
driver_0081,student
driver_0082,commuter
driver_0083,student
driver_0084,freelancer
driver_0085,commuter
driver_0086,commuter
driver_0087,event_participant
driver_0088,commuter
driver_0089,commuter
driver_0090,commuter
driver_0091,commuter
driver_0092,student
driver_0093,freelancer
driver_0094,commuter
driver_0095,commuter
driver_0096,commuter
driver_0097,event_participant
driver_0098,student
driver_0099,event_participant
driver_0100,freelancer
driver_0101,commuter
driver_0102,taxi
driver_0103,taxi
driver_0104,student
driver_0105,commuter
driver_0106,taxi
driver_0107,commuter
driver_0108,commuter
driver_0109,commuter
driver_0110,event_participant
driver_0111,freelancer
driver_0112,commuter
driver_0113,commuter
driver_0114,commuter
driver_0115,event_participant
driver_0116,freelancer
driver_0117,commuter
driver_0118,student
driver_0119,student
driver_0120,commuter
driver_0121,freelancer
driver_0122,student
driver_0123,freelancer
driver_0124,student
driver_0125,commuter
driver_0126,commuter
driver_0127,commuter
driver_0128,event_participant
driver_0129,freelancer
driver_0130,freelancer
driver_0131,commuter
driver_0132,commuter
driver_0133,freelancer
driver_0134,event_participant
driver_0135,commuter
driver_0136,commuter
driver_0137,commuter
driver_0138,freelancer
driver_0139,freelancer
driver_0140,commuter
driver_0141,commuter
driver_0142,student
driver_0143,commuter
driver_0144,freelancer
driver_0145,commuter
driver_0146,commuter
driver_0147,student
driver_0148,taxi
driver_0149,commuter
driver_0150,commuter
driver_0151,event_participant
driver_0152,taxi
driver_0153,commuter
driver_0154,commuter
driver_0155,commuter
driver_0156,commuter
driver_0157,commuter
driver_0158,student
driver_0159,commuter
driver_0160,commuter
driver_0161,commuter
driver_0162,student
driver_0163,commuter
driver_0164,event_participant
driver_0165,freelancer
driver_0166,commuter
driver_0167,commuter
driver_0168,taxi
driver_0169,commuter
driver_0170,commuter
driver_0171,event_participant
driver_0172,student
driver_0173,commuter
driver_0174,freelancer
driver_0175,freelancer
driver_0176,commuter
driver_0177,commuter
driver_0178,commuter
driver_0179,commuter
driver_0180,commuter
driver_0181,taxi
driver_0182,taxi
driver_0183,event_participant
driver_0184,commuter
driver_0185,commuter
driver_0186,commuter
driver_0187,freelancer
driver_0188,commuter
driver_0189,commuter
driver_0190,commuter
driver_0191,commuter
driver_0192,commuter
driver_0193,commuter
driver_0194,event_participant
driver_0195,commuter
driver_0196,freelancer
driver_0197,student
driver_0198,commuter
driver_0199,event_participant
driver_0200,freelancer
driver_0201,event_participant
driver_0202,event_participant
driver_0203,freelancer
driver_0204,commuter
driver_0205,commuter
driver_0206,commuter
driver_0207,commuter
driver_0208,commuter
driver_0209,commuter
driver_0210,event_participant
driver_0211,commuter
driver_0212,freelancer
driver_0213,commuter
driver_0214,commuter
driver_0215,event_participant
driver_0216,event_participant
driver_0217,student
driver_0218,taxi
driver_0219,commuter
driver_0220,commuter
driver_0221,event_participant
driver_0222,student
driver_0223,student
driver_0224,taxi
driver_0225,commuter
driver_0226,student
driver_0227,commuter
driver_0228,freelancer
driver_0229,commuter
driver_0230,event_participant
driver_0231,commuter
driver_0232,commuter
driver_0233,student
driver_0234,taxi
driver_0235,commuter
driver_0236,commuter
driver_0237,freelancer
driver_0238,commuter
driver_0239,student
driver_0240,student
driver_0241,commuter
driver_0242,student
driver_0243,student
driver_0244,event_participant
driver_0245,commuter
driver_0246,taxi
driver_0247,commuter
driver_0248,commuter
driver_0249,taxi
driver_0250,commuter
driver_0251,commuter
driver_0252,taxi
driver_0253,commuter
driver_0254,commuter
driver_0255,event_participant
driver_0256,event_participant
driver_0257,commuter
driver_0258,commuter
driver_0259,commuter
driver_0260,event_participant
driver_0261,freelancer
driver_0262,freelancer
driver_0263,commuter
driver_0264,commuter
driver_0265,freelancer
driver_0266,taxi
driver_0267,student
driver_0268,event_participant
driver_0269,taxi
driver_0270,commuter
driver_0271,freelancer
driver_0272,commuter
driver_0273,taxi
driver_0274,event_participant
driver_0275,commuter
driver_0276,commuter
driver_0277,commuter
driver_0278,student
driver_0279,commuter
driver_0280,student
driver_0281,taxi
driver_0282,commuter
driver_0283,student
driver_0284,commuter
driver_0285,commuter
driver_0286,event_participant
driver_0287,freelancer
driver_0288,commuter
driver_0289,commuter
driver_0290,commuter
driver_0291,commuter
driver_0292,freelancer
driver_0293,student
driver_0294,commuter
driver_0295,taxi
driver_0296,student
driver_0297,commuter
driver_0298,commuter
driver_0299,commuter
driver_0300,freelancer
driver_0301,event_participant
driver_0302,student
driver_0303,freelancer
driver_0304,student
driver_0305,commuter
driver_0306,commuter
driver_0307,commuter
driver_0308,freelancer
driver_0309,freelancer
driver_0310,freelancer
driver_0311,freelancer
driver_0312,commuter
driver_0313,commuter
driver_0314,commuter
driver_0315,freelancer
driver_0316,freelancer
driver_0317,commuter
driver_0318,student
driver_0319,commuter
driver_0320,event_participant
driver_0321,freelancer
driver_0322,event_participant
driver_0323,freelancer
driver_0324,freelancer
driver_0325,commuter
driver_0326,taxi
driver_0327,commuter
driver_0328,event_participant
driver_0329,freelancer
driver_0330,freelancer
driver_0331,freelancer
driver_0332,commuter
driver_0333,freelancer
driver_0334,commuter
driver_0335,freelancer
driver_0336,freelancer
driver_0337,commuter
driver_0338,freelancer
driver_0339,commuter
driver_0340,commuter
driver_0341,freelancer
driver_0342,commuter
driver_0343,commuter
driver_0344,commuter
driver_0345,commuter
driver_0346,freelancer
driver_0347,event_participant
driver_0348,commuter
driver_0349,taxi
driver_0350,commuter
driver_0351,event_participant
driver_0352,student
driver_0353,event_participant
driver_0354,commuter
driver_0355,event_participant
driver_0356,commuter
driver_0357,event_participant
driver_0358,commuter
driver_0359,commuter
driver_0360,commuter
driver_0361,taxi
driver_0362,commuter
driver_0363,student
driver_0364,commuter
driver_0365,commuter
driver_0366,student
driver_0367,commuter
driver_0368,taxi
driver_0369,commuter
driver_0370,event_participant
driver_0371,student
driver_0372,taxi
driver_0373,taxi
driver_0374,taxi
driver_0375,commuter
driver_0376,commuter
driver_0377,taxi
driver_0378,commuter
driver_0379,commuter
driver_0380,freelancer
driver_0381,taxi
driver_0382,commuter
driver_0383,commuter
driver_0384,commuter
driver_0385,commuter
driver_0386,commuter
driver_0387,commuter
driver_0388,commuter
driver_0389,event_participant
driver_0390,taxi
driver_0391,event_participant
driver_0392,student
driver_0393,commuter
driver_0394,student
driver_0395,commuter
driver_0396,commuter
driver_0397,commuter
driver_0398,student
driver_0399,taxi
driver_0400,commuter
driver_0401,commuter
driver_0402,commuter
driver_0403,commuter
driver_0404,event_participant
driver_0405,freelancer
driver_0406,commuter
driver_0407,commuter
driver_0408,commuter
driver_0409,student
driver_0410,commuter
driver_0411,freelancer
driver_0412,taxi
driver_0413,taxi
driver_0414,commuter
driver_0415,commuter
driver_0416,commuter
driver_0417,commuter
driver_0418,commuter
driver_0419,freelancer
driver_0420,commuter
driver_0421,commuter
driver_0422,student
driver_0423,commuter
driver_0424,taxi
driver_0425,commuter
driver_0426,commuter
driver_0427,taxi
driver_0428,commuter
driver_0429,taxi
driver_0430,freelancer
driver_0431,commuter
driver_0432,commuter
driver_0433,commuter
driver_0434,event_participant
driver_0435,commuter
driver_0436,commuter
driver_0437,commuter
driver_0438,freelancer
driver_0439,commuter
driver_0440,freelancer
driver_0441,taxi
driver_0442,event_participant
driver_0443,student
driver_0444,event_participant
driver_0445,freelancer
driver_0446,student
driver_0447,taxi
driver_0448,commuter
driver_0449,freelancer
driver_0450,student
driver_0451,freelancer
driver_0452,taxi
driver_0453,commuter
driver_0454,commuter
driver_0455,commuter
driver_0456,student
driver_0457,freelancer
driver_0458,student
driver_0459,student
driver_0460,commuter
driver_0461,commuter
driver_0462,commuter
driver_0463,commuter
driver_0464,commuter
driver_0465,student
driver_0466,commuter
driver_0467,commuter
driver_0468,taxi
driver_0469,taxi
driver_0470,commuter
driver_0471,commuter
driver_0472,student
driver_0473,commuter
driver_0474,commuter
driver_0475,commuter
driver_0476,event_participant
driver_0477,student
driver_0478,taxi
driver_0479,freelancer
driver_0480,freelancer
driver_0481,commuter
driver_0482,commuter
driver_0483,commuter
driver_0484,taxi
driver_0485,freelancer
driver_0486,event_participant
driver_0487,commuter
driver_0488,taxi
driver_0489,student
driver_0490,student
driver_0491,commuter
driver_0492,commuter
driver_0493,commuter
driver_0494,commuter
driver_0495,commuter
driver_0496,taxi
driver_0497,commuter
driver_0498,commuter
driver_0499,commuter
driver_0500,commuter
driver_0501,student
driver_0502,commuter
driver_0503,commuter
driver_0504,student
driver_0505,commuter
driver_0506,taxi
driver_0507,commuter
driver_0508,commuter
driver_0509,commuter
driver_0510,commuter
driver_0511,commuter
driver_0512,commuter
driver_0513,freelancer
driver_0514,commuter
driver_0515,taxi
driver_0516,freelancer
driver_0517,commuter
driver_0518,commuter
driver_0519,commuter
driver_0520,student
driver_0521,event_participant
driver_0522,commuter
driver_0523,taxi
driver_0524,freelancer
driver_0525,taxi
driver_0526,taxi
driver_0527,event_participant
driver_0528,commuter
driver_0529,commuter
driver_0530,commuter
driver_0531,commuter
driver_0532,taxi
driver_0533,student
driver_0534,commuter
driver_0535,taxi
driver_0536,freelancer
driver_0537,commuter
driver_0538,student
driver_0539,taxi
driver_0540,commuter
driver_0541,freelancer
driver_0542,event_participant
driver_0543,commuter
driver_0544,commuter
driver_0545,commuter
driver_0546,taxi
driver_0547,event_participant
driver_0548,commuter
driver_0549,taxi
driver_0550,commuter
driver_0551,taxi
driver_0552,student
driver_0553,commuter
driver_0554,freelancer
driver_0555,freelancer
driver_0556,student
driver_0557,commuter
driver_0558,event_participant
driver_0559,freelancer
driver_0560,commuter
driver_0561,commuter
driver_0562,commuter
driver_0563,commuter
driver_0564,commuter
driver_0565,freelancer
driver_0566,freelancer
driver_0567,commuter
driver_0568,event_participant
driver_0569,student
driver_0570,freelancer
driver_0571,taxi
driver_0572,commuter
driver_0573,taxi
driver_0574,event_participant
driver_0575,commuter
driver_0576,freelancer
driver_0577,student
driver_0578,commuter
driver_0579,commuter
driver_0580,taxi
driver_0581,commuter
driver_0582,freelancer
driver_0583,freelancer
driver_0584,commuter
driver_0585,freelancer
driver_0586,commuter
driver_0587,commuter
driver_0588,student
driver_0589,commuter
driver_0590,commuter
driver_0591,freelancer
driver_0592,commuter
driver_0593,commuter
driver_0594,freelancer
driver_0595,commuter
driver_0596,freelancer
driver_0597,taxi
driver_0598,commuter
driver_0599,commuter
driver_0600,event_participant
driver_0601,commuter
driver_0602,taxi
driver_0603,commuter
driver_0604,taxi
driver_0605,taxi
driver_0606,taxi
driver_0607,commuter
driver_0608,freelancer
driver_0609,commuter
driver_0610,commuter
driver_0611,taxi
driver_0612,commuter
driver_0613,student
driver_0614,commuter
driver_0615,student
driver_0616,commuter
driver_0617,taxi
driver_0618,commuter
driver_0619,taxi
driver_0620,commuter
driver_0621,commuter
driver_0622,commuter
driver_0623,commuter
driver_0624,commuter
driver_0625,student
driver_0626,freelancer
driver_0627,commuter
driver_0628,commuter
driver_0629,commuter
driver_0630,taxi
driver_0631,event_participant
driver_0632,student
driver_0633,commuter
driver_0634,commuter
driver_0635,commuter
driver_0636,commuter
driver_0637,commuter
driver_0638,commuter
driver_0639,student
driver_0640,commuter
driver_0641,event_participant
driver_0642,student
driver_0643,taxi
driver_0644,commuter
driver_0645,freelancer
driver_0646,commuter
driver_0647,freelancer
driver_0648,student
driver_0649,commuter
driver_0650,commuter
driver_0651,commuter
driver_0652,commuter
driver_0653,event_participant
driver_0654,commuter
driver_0655,freelancer
driver_0656,commuter
driver_0657,commuter
driver_0658,student
driver_0659,commuter
driver_0660,commuter
driver_0661,student
driver_0662,commuter
driver_0663,event_participant
driver_0664,commuter
driver_0665,freelancer
driver_0666,student
driver_0667,freelancer
driver_0668,commuter
driver_0669,student
driver_0670,commuter
driver_0671,commuter
driver_0672,freelancer
driver_0673,event_participant
driver_0674,commuter
driver_0675,student
driver_0676,student
driver_0677,taxi
driver_0678,event_participant
driver_0679,commuter
driver_0680,commuter
driver_0681,taxi
driver_0682,commuter
driver_0683,commuter
driver_0684,commuter
driver_0685,commuter
driver_0686,commuter
driver_0687,student
driver_0688,commuter
driver_0689,commuter
driver_0690,taxi
driver_0691,taxi
driver_0692,commuter
driver_0693,taxi
driver_0694,event_participant
driver_0695,freelancer
driver_0696,student
driver_0697,taxi
driver_0698,event_participant
driver_0699,commuter
driver_0700,student
driver_0701,taxi
driver_0702,event_participant
driver_0703,freelancer
driver_0704,commuter
driver_0705,commuter
driver_0706,commuter
driver_0707,taxi
driver_0708,student
driver_0709,commuter
driver_0710,commuter
driver_0711,taxi
driver_0712,taxi
driver_0713,event_participant
driver_0714,commuter
driver_0715,commuter
driver_0716,commuter
driver_0717,commuter
driver_0718,commuter
driver_0719,commuter
driver_0720,commuter
driver_0721,commuter
driver_0722,event_participant
driver_0723,freelancer
driver_0724,student
driver_0725,event_participant
driver_0726,event_participant
driver_0727,taxi
driver_0728,commuter
driver_0729,commuter
driver_0730,taxi
driver_0731,commuter
driver_0732,taxi
driver_0733,event_participant
driver_0734,commuter
driver_0735,student
driver_0736,student
driver_0737,commuter
driver_0738,commuter
driver_0739,commuter
driver_0740,commuter
driver_0741,taxi
driver_0742,freelancer
driver_0743,commuter
driver_0744,taxi
driver_0745,commuter
driver_0746,event_participant
driver_0747,freelancer
driver_0748,student
driver_0749,commuter
driver_0750,commuter
driver_0751,commuter
driver_0752,event_participant
driver_0753,commuter
driver_0754,commuter
driver_0755,event_participant
driver_0756,taxi
driver_0757,student
driver_0758,commuter
driver_0759,commuter
driver_0760,commuter
driver_0761,taxi
driver_0762,student
driver_0763,taxi
driver_0764,commuter
driver_0765,student
driver_0766,event_participant
driver_0767,commuter
driver_0768,taxi
driver_0769,commuter
driver_0770,event_participant
driver_0771,student
driver_0772,commuter
driver_0773,commuter
driver_0774,student
driver_0775,student
driver_0776,commuter
driver_0777,event_participant
driver_0778,event_participant
driver_0779,commuter
driver_0780,commuter
driver_0781,freelancer
driver_0782,commuter
driver_0783,taxi
driver_0784,commuter
driver_0785,commuter
driver_0786,freelancer
driver_0787,event_participant
driver_0788,commuter
driver_0789,student
driver_0790,commuter
driver_0791,event_participant
driver_0792,commuter
driver_0793,freelancer
driver_0794,freelancer
driver_0795,commuter
driver_0796,freelancer
driver_0797,commuter
driver_0798,event_participant
driver_0799,commuter
driver_0800,freelancer
driver_0801,commuter
driver_0802,commuter
driver_0803,student
driver_0804,event_participant
driver_0805,commuter
driver_0806,commuter
driver_0807,student
driver_0808,commuter
driver_0809,student
driver_0810,student
driver_0811,commuter
driver_0812,commuter
driver_0813,commuter
driver_0814,taxi
driver_0815,student
driver_0816,commuter
driver_0817,freelancer
driver_0818,commuter
driver_0819,taxi
driver_0820,taxi
driver_0821,freelancer
driver_0822,commuter
driver_0823,taxi
driver_0824,freelancer
driver_0825,event_participant
driver_0826,commuter
driver_0827,commuter
driver_0828,commuter
driver_0829,student
driver_0830,freelancer
driver_0831,freelancer
driver_0832,commuter
driver_0833,student
driver_0834,commuter
driver_0835,taxi
driver_0836,commuter
driver_0837,taxi
driver_0838,commuter
driver_0839,commuter
driver_0840,event_participant
driver_0841,commuter
driver_0842,taxi
driver_0843,taxi
driver_0844,freelancer
driver_0845,freelancer
driver_0846,freelancer
driver_0847,commuter
driver_0848,commuter
driver_0849,taxi
driver_0850,taxi
driver_0851,freelancer
driver_0852,commuter
driver_0853,commuter
driver_0854,student
driver_0855,event_participant
driver_0856,event_participant
driver_0857,taxi
driver_0858,commuter
driver_0859,commuter
driver_0860,student
driver_0861,freelancer
driver_0862,commuter
driver_0863,taxi
driver_0864,event_participant
driver_0865,commuter
driver_0866,freelancer
driver_0867,commuter
driver_0868,commuter
driver_0869,commuter
driver_0870,student
driver_0871,student
driver_0872,freelancer
driver_0873,commuter
driver_0874,commuter
driver_0875,freelancer
driver_0876,student
driver_0877,commuter
driver_0878,event_participant
driver_0879,commuter
driver_0880,commuter
driver_0881,commuter
driver_0882,commuter
driver_0883,commuter
driver_0884,freelancer
driver_0885,event_participant
driver_0886,taxi
driver_0887,commuter
driver_0888,commuter
driver_0889,commuter
driver_0890,student
driver_0891,student
driver_0892,commuter
driver_0893,commuter
driver_0894,freelancer
driver_0895,commuter
driver_0896,commuter
driver_0897,commuter
driver_0898,commuter
driver_0899,student
driver_0900,student
driver_0901,event_participant
driver_0902,commuter
driver_0903,event_participant
driver_0904,taxi
driver_0905,commuter
driver_0906,student
driver_0907,taxi
driver_0908,taxi
driver_0909,commuter
driver_0910,student
driver_0911,commuter
driver_0912,event_participant
driver_0913,commuter
driver_0914,freelancer
driver_0915,student
driver_0916,commuter
driver_0917,student
driver_0918,student
driver_0919,taxi
driver_0920,taxi
driver_0921,taxi
driver_0922,freelancer
driver_0923,student
driver_0924,event_participant
driver_0925,taxi
driver_0926,commuter
driver_0927,commuter
driver_0928,student
driver_0929,taxi
driver_0930,commuter
driver_0931,commuter
driver_0932,taxi
driver_0933,commuter
driver_0934,commuter
driver_0935,student
driver_0936,event_participant
driver_0937,student
driver_0938,event_participant
driver_0939,freelancer
driver_0940,commuter
driver_0941,freelancer
driver_0942,commuter
driver_0943,freelancer
driver_0944,taxi
driver_0945,commuter
driver_0946,commuter
driver_0947,event_participant
driver_0948,commuter
driver_0949,event_participant
driver_0950,freelancer
driver_0951,taxi
driver_0952,event_participant
driver_0953,event_participant
driver_0954,freelancer
driver_0955,commuter
driver_0956,freelancer
driver_0957,commuter
driver_0958,student
driver_0959,commuter
driver_0960,taxi
driver_0961,taxi
driver_0962,student
driver_0963,freelancer
driver_0964,event_participant
driver_0965,commuter
driver_0966,commuter
driver_0967,commuter
driver_0968,freelancer
driver_0969,student
driver_0970,event_participant
driver_0971,commuter
driver_0972,commuter
driver_0973,freelancer
driver_0974,event_participant
driver_0975,commuter
driver_0976,commuter
driver_0977,commuter
driver_0978,event_participant
driver_0979,commuter
driver_0980,commuter
driver_0981,commuter
driver_0982,freelancer
driver_0983,commuter
driver_0984,commuter
driver_0985,taxi
driver_0986,taxi
driver_0987,event_participant
driver_0988,commuter
driver_0989,taxi
driver_0990,commuter
driver_0991,commuter
driver_0992,commuter
driver_0993,commuter
driver_0994,commuter
driver_0995,event_participant
driver_0996,commuter
driver_0997,commuter
driver_0998,commuter
driver_0999,event_participant
driver_1000,freelancer
